;Numer na li칀춭cie;Nazwisko i Imiona;Wiek;Miejsce zamieszkania;Tre칀춭츿춚 o칀춭wiadczenia lustracyjnego;Komitet;Okreg
0;1;POMIAN Pawe칀축 Marek;23;Wroc칀축aw;;KW Partia Zieloni;1
1;2;FEDYK Katarzyna Beata;49;Wroc칀축aw;;KW Partia Zieloni;1
2;3;SOBU칀춖KO Andrzej;47;Wroc칀축aw;;KW Partia Zieloni;1
3;4;CIECHOWICZ Agnieszka Bo칀췊ena;44;Wroc칀축aw;;KW Partia Zieloni;1
4;5;TABISZ Jacek;45;Wroc칀축aw;;KW Partia Zieloni;1
5;6;MAZURKIEWICZ Aleksandra Agnieszka;42;Wroc칀축aw;;KW Partia Zieloni;1
6;7;REISIGOV츾추-KIELAWSKA Hana;35;Wroc칀축aw;;KW Partia Zieloni;1
0;1;TRACZ Ma칀축gorzata El칀췊bieta;32;Wroc칀축aw;;KW Partia Zieloni;2
1;2;REISIGOV츾추-KIELAWSKI Robert Pawe칀축;35;Wroc칀축aw;;KW Partia Zieloni;2
2;3;POZLEWICZ Danuta Joanna;55;Wroc칀축aw;;KW Partia Zieloni;2
3;4;PALUSZEK Przemys칀축aw Andrzej;33;Wroc칀축aw;;KW Partia Zieloni;2
4;5;KALICZAK Ma칀축gorzata Ewa;27;Wroc칀축aw;;KW Partia Zieloni;2
5;6;KO칀춬NICKI Zbigniew Jerzy;55;Wroc칀축aw;;KW Partia Zieloni;2
6;7;KOZAKIEWICZ Patrick;29;Wroc칀축aw;;KW Partia Zieloni;2
0;1;WILK Martyna Anita;34;Wroc칀축aw;;KW Partia Zieloni;3
1;2;TYCZY칀춖SKI Krzysztof Andrzej;35;Wroc칀축aw;;KW Partia Zieloni;3
2;3;BANACH Magdalena Maria;38;Wroc칀축aw;;KW Partia Zieloni;3
3;4;MIKLASZEWSKI Witold J츾췁zef;28;Wroc칀축aw;;KW Partia Zieloni;3
4;5;칀춬PIEWAK Ewa Ma칀축gorzata;31;Wroc칀축aw;;KW Partia Zieloni;3
5;6;KOMARNICKI Adam Andrzej;30;Wroc칀축aw;;KW Partia Zieloni;3
6;7;LUBA-LEWICKA Beata Ewa;47;Wroc칀축aw;;KW Partia Zieloni;3
0;1;ROKICKA Julia Agata;27;Wroc칀축aw;;KW Partia Zieloni;4
1;2;LUTY Jerzy;43;Wroc칀축aw;;KW Partia Zieloni;4
2;3;TERPI칀추OWSKA Irena R츾췁칀췊a;57;Wroc칀축aw;;KW Partia Zieloni;4
3;4;O칀춬MIA칀추OWSKI Wojciech Marcin;41;Wroc칀축aw;;KW Partia Zieloni;4
4;5;URYN Jacek J츾췁zef;59;Wroc칀축aw;;KW Partia Zieloni;4
5;6;KRZY칀췉AK Edward Jerzy;49;Wroc칀축aw;;KW Partia Zieloni;4
6;7;FURTAK-POBROTYN Joanna Marta;46;Wroc칀축aw;;KW Partia Zieloni;4
0;1;HERTMAN Mateusz;36;Wroc칀축aw;;KW Partia Zieloni;5
1;2;KURANDA-LASKOWSKA Sylwestra Paulina;66;Wroc칀축aw;;KW Partia Zieloni;5
2;3;NOWICKI Arkadiusz;24;Wroc칀축aw;;KW Partia Zieloni;5
3;4;OS칀추OWSKA-SPYCHALSKA Barbara Krystyna;62;Wroc칀축aw;;KW Partia Zieloni;5
4;5;POLUCH Krzysztof;67;Wroc칀축aw;;KW Partia Zieloni;5
5;6;RUSINEK Wioletta Katarzyna;45;Wroc칀축aw;;KW Partia Zieloni;5
6;7;MROCZKO Krzysztof Dominik;38;Wroc칀축aw;;KW Partia Zieloni;5
0;1;TEGNEROWICZ Piotr Jan;32;Wroc칀축aw;;KW Partia Zieloni;6
1;2;DUKSZTO Aneta Ewa;45;Wroc칀축aw;;KW Partia Zieloni;6
2;3;SZCZYGIE칀추 Aleksandra Karolina;31;Wroc칀축aw;;KW Partia Zieloni;6
3;4;PI칀추AT Krzysztof Emil;47;Wroc칀축aw;;KW Partia Zieloni;6
4;5;ZAMARIA-K칀추YK Joanna Edyta;41;Wroc칀축aw;;KW Partia Zieloni;6
5;6;KOZ칀추OWSKA Dorota;26;Wroc칀축aw;;KW Partia Zieloni;6
6;7;SULIGOWSKI Robert Ziemowit;39;Wroc칀축aw;;KW Partia Zieloni;6
7;8;S칀추ODKOWSKA Olga;30;Wroc칀축aw;;KW Partia Zieloni;6
0;1;W츿춗SOWSKI Marek Maciej;59;Wroc칀축aw;;KW Partia Zieloni;7
1;2;NAWROT Joanna Izabela;51;Wroc칀축aw;;KW Partia Zieloni;7
2;3;GABARA-PI츿춪TKA Piotr;31;Wroc칀축aw;;KW Partia Zieloni;7
3;4;SALAMON Anna Gra칀췊yna;48;Wroc칀축aw;;KW Partia Zieloni;7
4;5;PASIKOWSKA Anna Magdalena;57;Wroc칀축aw;;KW Partia Zieloni;7
5;6;MAZURKIEWICZ Maria Anna;66;Wroc칀축aw;;KW Partia Zieloni;7
6;7;WYBORSKI Piotr Krzysztof;23;Wroc칀축aw;;KW Partia Zieloni;7
0;1;SUTRYK Jacek Zbigniew;40;Wroc칀축aw;;KKW Koalicja Obywatelska;1
1;2;GWADERA-URLEP Agata Izabela;42;Wroc칀축aw;;KKW Koalicja Obywatelska;1
2;3;PUZIO Andrzej;71;Wroc칀축aw;;KKW Koalicja Obywatelska;1
3;4;J츿춪DRACHOWICZ Mateusz Pawe칀축;23;Wroc칀축aw;;KKW Koalicja Obywatelska;1
4;5;W츾춥JCIK Igor Marcin;49;Wroc칀축aw;;KKW Koalicja Obywatelska;1
5;6;WYSZKOWSKI 칀추ukasz;36;Wroc칀축aw;;KKW Koalicja Obywatelska;1
6;7;MAZUR Agata Genowefa;52;Wroc칀축aw;;KKW Koalicja Obywatelska;1
7;8;NIEZGODZKA Jolanta Magdalena;27;Wroc칀축aw;;KKW Koalicja Obywatelska;1
0;1;UHLE Piotr Micha칀축;30;Wroc칀축aw;;KKW Koalicja Obywatelska;2
1;2;KOCZAN Henryk;57;Wroc칀축aw;;KKW Koalicja Obywatelska;2
2;3;KOZ칀추OWSKA Marta Magdalena;41;Wroc칀축aw;;KKW Koalicja Obywatelska;2
3;4;SZCZYG칀추OWSKA-HO칀추UBOWICZ Malwina Natalia;31;Wroc칀축aw;;KKW Koalicja Obywatelska;2
4;5;ZALEWSKI Marek Krzysztof;39;Wroc칀축aw;;KKW Koalicja Obywatelska;2
5;6;BONIECKI Jacek Dariusz;51;Wroc칀축aw;;KKW Koalicja Obywatelska;2
6;7;SUPERSON-WINKOWSKA Agnieszka Zofia;35;Wroc칀축aw;;KKW Koalicja Obywatelska;2
0;1;CHAR칀추AMPOWICZ Jaros칀축aw;48;Wroc칀축aw;;KKW Koalicja Obywatelska;3
1;2;RYBCZAK Agnieszka;41;Wroc칀축aw;;KKW Koalicja Obywatelska;3
2;3;WI칀춬NIEWSKI Maciej Mateusz;33;Wroc칀축aw;;KKW Koalicja Obywatelska;3
3;4;LIPI칀춖SKI Piotr Krzysztof;25;Wroc칀축aw;;KKW Koalicja Obywatelska;3
4;5;PIE칀춖CZYKOWSKA Aleksandra Justyna;26;Wroc칀축aw;;KKW Koalicja Obywatelska;3
5;6;STAWICKA Maria;66;Wroc칀축aw;;KKW Koalicja Obywatelska;3
6;7;ZALEWSKI Krzysztof;43;Wroc칀축aw;;KKW Koalicja Obywatelska;3
0;1;LORENC Sebastian 칀추ukasz;40;Wroc칀축aw;;KKW Koalicja Obywatelska;4
1;2;GALANT Dorota Magdalena;35;Wroc칀축aw;;KKW Koalicja Obywatelska;4
2;3;M칀추Y칀춖CZAK Micha칀축 Mateusz;37;Wroc칀축aw;;KKW Koalicja Obywatelska;4
3;4;SKU칀추A Edyta;33;Wroc칀축aw;;KKW Koalicja Obywatelska;4
4;5;PRZYJEMSKA-칀춬PIEWAK Anna Maria;60;Wroc칀축aw;;KKW Koalicja Obywatelska;4
5;6;GRUCA Przemys칀축aw Witold;29;Wroc칀축aw;;KKW Koalicja Obywatelska;4
6;7;DZIERNIEJKO Stanis칀축aw Franciszek;59;Wroc칀축aw;;KKW Koalicja Obywatelska;4
0;1;GRABAREK Tadeusz Pawe칀축;64;Wroc칀축aw;;KKW Koalicja Obywatelska;5
1;2;GRANOWSKA Renata Ma칀축gorzata;44;Wroc칀축aw;;KKW Koalicja Obywatelska;5
2;3;칀춬LUSAREK Dariusz Robert;36;Wroc칀축aw;;KKW Koalicja Obywatelska;5
3;4;KOSMECKI Adam;46;Wroc칀축aw;;KKW Koalicja Obywatelska;5
4;5;KRUPOWICZ Anna Maria;64;Wroc칀축aw;;KKW Koalicja Obywatelska;5
5;6;PADIASEK Aleksandra;43;Wroc칀축aw;;KKW Koalicja Obywatelska;5
6;7;KULIG Krzysztof Piotr;33;Wroc칀축aw;;KKW Koalicja Obywatelska;5
0;1;G츾춥RSKI Micha칀축 Jakub;31;Wroc칀축aw;;KKW Koalicja Obywatelska;6
1;2;KARPI칀춖SKI Pawe칀축;39;Wroc칀축aw;;KKW Koalicja Obywatelska;6
2;3;PIETRO칀춖SKA Anna Maria;40;Wroc칀축aw;;KKW Koalicja Obywatelska;6
3;4;STASIAK Joanna;30;Wroc칀축aw;;KKW Koalicja Obywatelska;6
4;5;K츿춪SO칀춖 Arkadiusz Tomasz;40;Wroc칀축aw;;KKW Koalicja Obywatelska;6
5;6;STYSIAK Ewelina;32;Wroc칀축aw;;KKW Koalicja Obywatelska;6
6;7;KUCHARSKI Tomasz Pawe칀축;39;Wroc칀축aw;;KKW Koalicja Obywatelska;6
7;8;ZIELI칀춖SKI Maciej Jerzy;47;Wroc칀축aw;;KKW Koalicja Obywatelska;6
0;1;WOLAK Ewa Wanda;58;Wroc칀축aw;;KKW Koalicja Obywatelska;7
1;2;RAZIK-TRZISZKA Magdalena;31;Wroc칀축aw;;KKW Koalicja Obywatelska;7
2;3;칀췉AK Mateusz Damian;24;Wroc칀축aw;;KKW Koalicja Obywatelska;7
3;4;BRACHMA칀춖SKI Miko칀축aj Marek;24;Wroc칀축aw;;KKW Koalicja Obywatelska;7
4;5;KRZAK Grzegorz;54;Wroc칀축aw;;KKW Koalicja Obywatelska;7
5;6;GILAR Daria;41;Wroc칀축aw;;KKW Koalicja Obywatelska;7
6;7;KONIK Mieczys칀축aw Jerzy;60;Wroc칀축aw;;KKW Koalicja Obywatelska;7
0;1;JARZ츿춗BEK Zbigniew Antoni;61;Wroc칀축aw;;KWW Kukiz'15;1
1;2;MIT칀추ASZEWSKA Joanna Krystyna;39;Wroc칀축aw;;KWW Kukiz'15;1
2;3;STATKIEWICZ Miko칀축aj Kazimierz;37;Wroc칀축aw;;KWW Kukiz'15;1
3;4;BOGUCKI Marcin;43;Wroc칀축aw;;KWW Kukiz'15;1
4;5;BYLICA Jacek Krzysztof;48;Wroc칀축aw;;KWW Kukiz'15;1
5;6;BIELECKA Halina Maria;64;Wroc칀축aw;;KWW Kukiz'15;1
6;7;DUMNICKA Jolanta Dorota;58;Wroc칀축aw;;KWW Kukiz'15;1
7;8;ZAJST Andrzej Miros칀축aw;28;Wroc칀축aw;;KWW Kukiz'15;1
0;1;BIELECKA Halszka Beata;32;Wroc칀축aw;;KWW Kukiz'15;2
1;2;JURNECZKO Rafa칀축 Krzysztof;41;Wroc칀축aw;;KWW Kukiz'15;2
2;3;JARZ츿춗BEK Bogus칀축awa Hanna;59;Wroc칀축aw;;KWW Kukiz'15;2
3;4;KILI칀춖SKI Tadeusz;57;Wroc칀축aw;;KWW Kukiz'15;2
4;5;BRO칀췉EK 칀추ukasz;35;Wroc칀축aw;;KWW Kukiz'15;2
5;6;ZAJST Zdzis칀축awa;61;Wroc칀축aw;;KWW Kukiz'15;2
6;7;KOLE칀춬NIK Andrzej Tadeusz Jan;74;Wroc칀축aw;;KWW Kukiz'15;2
0;1;MOJZESOWICZ Krzysztof;53;Wroc칀축aw;;KWW Kukiz'15;3
1;2;WABIK Aleksandra;36;Wroc칀축aw;;KWW Kukiz'15;3
2;3;SKOTIS Stefan;67;Wroc칀축aw;;KWW Kukiz'15;3
3;4;GLI칀춖SKI Andrzej Grzegorz;32;Wroc칀축aw;;KWW Kukiz'15;3
4;5;JASI칀춖SKA Marta Eliza;33;Wroc칀축aw;;KWW Kukiz'15;3
5;6;BOGDANOWICZ Zofia Anna;69;Wroc칀축aw;;KWW Kukiz'15;3
6;7;DUDZI칀춖SKI Gerard Jakub;40;Wroc칀축aw;;KWW Kukiz'15;3
0;1;STUDNIARCZYK Witold Jan;56;Wroc칀축aw;;KWW Kukiz'15;4
1;2;ZGLI칀춖SKA Magdalena Aldona;29;Wroc칀축aw;;KWW Kukiz'15;4
2;3;GONCIARZ Sebastian Jan;24;Wroc칀축aw;;KWW Kukiz'15;4
3;4;KUCIAPI칀춖SKI Jaros칀축aw;44;Wroc칀축aw;;KWW Kukiz'15;4
4;5;PIOTROWSKA Iwona;33;Wroc칀축aw;;KWW Kukiz'15;4
5;6;WI칀춬LICKI Przemys칀축aw Grzegorz;49;Wroc칀축aw;;KWW Kukiz'15;4
6;7;STUDNIARCZYK Irena Zuzanna;53;Wroc칀축aw;;KWW Kukiz'15;4
0;1;WALCZAK Gra칀췊yna;67;Wroc칀축aw;;KWW Kukiz'15;5
1;2;TADEUSZYK Teresa;62;Wroc칀축aw;;KWW Kukiz'15;5
2;3;GARCZAREK Krzysztof Ryszard;23;Wroc칀축aw;;KWW Kukiz'15;5
3;4;SZCZEPANIAK Kamila Anna;21;Wroc칀축aw;;KWW Kukiz'15;5
4;5;MARAS Marcin;36;Wroc칀축aw;;KWW Kukiz'15;5
5;6;칀췉YGAD칀추O Miros칀축aw;59;Wroc칀축aw;;KWW Kukiz'15;5
6;7;WIETRZYKOWSKI Waldemar Zbigniew;61;Wroc칀축aw;;KWW Kukiz'15;5
0;1;MATECKI Iwo Karol;37;Wroc칀축aw;;KWW Kukiz'15;6
1;2;KO칀췉UCH Agnieszka;44;Wroc칀축aw;;KWW Kukiz'15;6
2;3;MICHALAK Bartosz Mateusz;37;Wroc칀축aw;;KWW Kukiz'15;6
3;4;K칀추ODNICKI Dariusz;49;Wroc칀축aw;;KWW Kukiz'15;6
4;5;GROSS Aleksandra Anna;24;Wroc칀축aw;;KWW Kukiz'15;6
5;6;MARTYNIAK Krzysztof Piotr;37;Wroc칀축aw;;KWW Kukiz'15;6
6;7;MACA칀추A 칀추ukasz Micha칀축;27;Wroc칀축aw;;KWW Kukiz'15;6
7;8;KRASSOWSKA Agnieszka Julita;45;Wroc칀축aw;;KWW Kukiz'15;6
0;1;칀춬WI츿춪CICKI Grzegorz Artur;50;Wroc칀축aw;;KWW Kukiz'15;7
1;2;NAPIERA칀추A Bogdan Adam;57;Wroc칀축aw;;KWW Kukiz'15;7
2;3;WR츾춥BEL Joanna Krystyna;45;Wroc칀축aw;;KWW Kukiz'15;7
3;4;BOBER Danuta;49;Wroc칀축aw;;KWW Kukiz'15;7
4;5;GAJDA Mariusz Czes칀축aw;42;Wroc칀축aw;;KWW Kukiz'15;7
5;6;TROJANOWSKA Magdalena Anna;52;Wroc칀축aw;;KWW Kukiz'15;7
0;1;CHUDZIK Janusz;49;Wroc칀축aw;;KW Prawo i Sprawiedliwo럱;1
1;2;KELLNER Ma칀축gorzata Stanis칀축awa;51;Wroc칀축aw;;KW Prawo i Sprawiedliwo럱;1
2;3;MROZOWSKA Urszula Beata;57;Wroc칀축aw;;KW Prawo i Sprawiedliwo럱;1
3;4;DOBRZA칀춖SKA-BUCZEK Barbara Maria;43;Wroc칀축aw;;KW Prawo i Sprawiedliwo럱;1
4;5;MIKO칀추AJCZYK Justyna;34;Wroc칀축aw;;KW Prawo i Sprawiedliwo럱;1
5;6;KLUBI칀춖SKA El칀췊bieta Maria;62;Wroc칀축aw;;KW Prawo i Sprawiedliwo럱;1
6;7;SKOCZYLAS Jerzy J츾췁zef;64;Wroc칀축aw;;KW Prawo i Sprawiedliwo럱;1
7;8;PA칀추YSA Edward;69;Wroc칀축aw;;KW Prawo i Sprawiedliwo럱;1
0;1;MARY칀춖SKI Piotr Tomasz;52;Wroc칀축aw;;KW Prawo i Sprawiedliwo럱;2
1;2;MOTYKA Tomasz Marek;37;Wroc칀축aw;;KW Prawo i Sprawiedliwo럱;2
2;3;CEBRY칀춖 Ryszard Stanis칀축aw;53;Wroc칀축aw;;KW Prawo i Sprawiedliwo럱;2
3;4;SZYROCKA Iwona Marzenna;64;Wroc칀축aw;;KW Prawo i Sprawiedliwo럱;2
4;5;CHLEWICKA Gra칀췊yna;61;Wroc칀축aw;;KW Prawo i Sprawiedliwo럱;2
5;6;BUTYTER Daniel;27;Wroc칀축aw;;KW Prawo i Sprawiedliwo럱;2
6;7;P칀추O칀춖SKA Marta;31;Wroc칀축aw;;KW Prawo i Sprawiedliwo럱;2
0;1;LACH Miros칀축aw Mieczys칀축aw;62;Wroc칀축aw;;KW Prawo i Sprawiedliwo럱;3
1;2;GRZECHNIK Robert Sebastian;35;Wroc칀축aw;;KW Prawo i Sprawiedliwo럱;3
2;3;칀추APOT Robert Grzegorz;44;Wroc칀축aw;;KW Prawo i Sprawiedliwo럱;3
3;4;KRYSZCZUK Bogus칀축aw Marian;68;Wroc칀축aw;;KW Prawo i Sprawiedliwo럱;3
4;5;TORZEWSKA Agnieszka Maria;39;Wroc칀축aw;;KW Prawo i Sprawiedliwo럱;3
5;6;POKUSI칀춖SKA-MARTOWICZ Ewa Krystyna;52;Wroc칀축aw;;KW Prawo i Sprawiedliwo럱;3
6;7;DIMMICH-SZA칀추KOWSKA Anna;37;Wroc칀축aw;;KW Prawo i Sprawiedliwo럱;3
0;1;KILIJANEK Andrzej;27;Wroc칀축aw;;KW Prawo i Sprawiedliwo럱;4
1;2;WOJTASIK Anita Maria;51;Wroc칀축aw;;KW Prawo i Sprawiedliwo럱;4
2;3;칀춬WIDERSKI Wojciech Zbigniew;58;Wroc칀축aw;;KW Prawo i Sprawiedliwo럱;4
3;4;KROWI칀춖SKI Waldemar S칀축awomir;57;Wroc칀축aw;;KW Prawo i Sprawiedliwo럱;4
4;5;STOPA Urszula Maria;66;Wroc칀축aw;;KW Prawo i Sprawiedliwo럱;4
5;6;SEMANISZYN Wilhelm;75;Wroc칀축aw;;KW Prawo i Sprawiedliwo럱;4
6;7;DUTKA Aleksandra;29;Wroc칀축aw;;KW Prawo i Sprawiedliwo럱;4
0;1;PIWO칀춖SKI Dariusz Dominik;28;Wroc칀축aw;;KW Prawo i Sprawiedliwo럱;5
1;2;PIECHEL Micha칀축;32;Wroc칀축aw;;KW Prawo i Sprawiedliwo럱;5
2;3;KONDZIELA Ewelina Barbara;60;Wroc칀축aw;;KW Prawo i Sprawiedliwo럱;5
3;4;SZCZYRBAK Tadeusz;46;Wroc칀축aw;;KW Prawo i Sprawiedliwo럱;5
4;5;GOUMISSI Ewa;58;Wroc칀축aw;;KW Prawo i Sprawiedliwo럱;5
5;6;GUMKOWSKA Aleksandra Maria;29;Wroc칀축aw;;KW Prawo i Sprawiedliwo럱;5
6;7;NOWAKOWSKI Leszek Zygmunt;55;Wroc칀축aw;;KW Prawo i Sprawiedliwo럱;5
0;1;KMIECIK Sergiusz;40;Wroc칀축aw;;KW Prawo i Sprawiedliwo럱;6
1;2;OLBERT 칀추ukasz;29;Wroc칀축aw;;KW Prawo i Sprawiedliwo럱;6
2;3;G츾춥RAL Jaros칀축aw;47;Wroc칀축aw;;KW Prawo i Sprawiedliwo럱;6
3;4;PRZYGODA Krystyna Teresa;64;Wroc칀축aw;;KW Prawo i Sprawiedliwo럱;6
4;5;WRONA Andrzej;54;Wroc칀축aw;;KW Prawo i Sprawiedliwo럱;6
5;6;PE칀추ECH-PYRSZ Agnieszka;43;Wroc칀축aw;;KW Prawo i Sprawiedliwo럱;6
6;7;SKUPIE칀춖 Miros칀축aw Jerzy;57;Wroc칀축aw;;KW Prawo i Sprawiedliwo럱;6
7;8;HAJEWSKA Jolanta El칀췊bieta;60;Wroc칀축aw;;KW Prawo i Sprawiedliwo럱;6
0;1;PIE칀춖KOWSKI Robert;52;Wroc칀축aw;;KW Prawo i Sprawiedliwo럱;7
1;2;KURCZEWSKI Micha칀축 Tymoteusz;34;Wroc칀축aw;;KW Prawo i Sprawiedliwo럱;7
2;3;SKOWRON Mariola;54;Wroc칀축aw;;KW Prawo i Sprawiedliwo럱;7
3;4;OCHMAN Beata Maria;56;Wroc칀축aw;;KW Prawo i Sprawiedliwo럱;7
4;5;BAMBERSKI Pawe칀축 Henryk;73;Wroc칀축aw;;KW Prawo i Sprawiedliwo럱;7
5;6;WYSOCZA칀춖SKA Alicja Monika;33;Wroc칀축aw;;KW Prawo i Sprawiedliwo럱;7
6;7;ZAPOROWSKI Micha칀축 Karol;54;Wroc칀축aw;;KW Prawo i Sprawiedliwo럱;7
0;1;MICHALAK Jerzy Andrzej;44;Wroc칀축aw;;KWW Bezpartyjny ruch obywatelski Jerzego Michalaka;1
1;2;DUCHNOWSKA Izabela Maria;45;Wroc칀축aw;;KWW Bezpartyjny ruch obywatelski Jerzego Michalaka;1
2;3;SEMENIUK-PRZYM츿춪CKA Sylwia Agnieszka;44;Wroc칀축aw;;KWW Bezpartyjny ruch obywatelski Jerzego Michalaka;1
3;4;SZYMCZYSZYN Tomasz;40;Wroc칀축aw;;KWW Bezpartyjny ruch obywatelski Jerzego Michalaka;1
4;5;KAMECKA Joanna Emilia;36;Wroc칀축aw;;KWW Bezpartyjny ruch obywatelski Jerzego Michalaka;1
5;6;WAWRYNIUK Agata;30;Wroc칀축aw;;KWW Bezpartyjny ruch obywatelski Jerzego Michalaka;1
6;7;LORKOWSKI Pawe칀축 Jerzy;35;Wroc칀축aw;;KWW Bezpartyjny ruch obywatelski Jerzego Michalaka;1
7;8;SUBZDA Ma칀축gorzata;43;Wroc칀축aw;;KWW Bezpartyjny ruch obywatelski Jerzego Michalaka;1
0;1;FILAR Przemys칀축aw Maciej;39;Wroc칀축aw;;KWW Bezpartyjny ruch obywatelski Jerzego Michalaka;2
1;2;TOMCZAK Mariusz Jan;24;Wroc칀축aw;;KWW Bezpartyjny ruch obywatelski Jerzego Michalaka;2
2;3;WOLSKA Agnieszka Monika;33;Wroc칀축aw;;KWW Bezpartyjny ruch obywatelski Jerzego Michalaka;2
3;4;PO칀췇NIAK Ewa Karolina;42;Wroc칀축aw;;KWW Bezpartyjny ruch obywatelski Jerzego Michalaka;2
4;5;PI츿춗TEK Stanis칀축aw Roman;34;Wroc칀축aw;;KWW Bezpartyjny ruch obywatelski Jerzego Michalaka;2
5;6;MAJCHRZAK El칀췊bieta Krystyna;67;Wroc칀축aw;;KWW Bezpartyjny ruch obywatelski Jerzego Michalaka;2
6;7;TOKARZ Mariusz;46;Wroc칀축aw;;KWW Bezpartyjny ruch obywatelski Jerzego Michalaka;2
0;1;LEMA칀춖SKA Aleksandra Lilia;38;Wroc칀축aw;;KWW Bezpartyjny ruch obywatelski Jerzego Michalaka;3
1;2;PALACZ Piotr Zbigniew;33;Wroc칀축aw;;KWW Bezpartyjny ruch obywatelski Jerzego Michalaka;3
2;3;BARON Katarzyna El칀췊bieta;27;Wroc칀축aw;;KWW Bezpartyjny ruch obywatelski Jerzego Michalaka;3
3;4;BIELA칀춖SKA Jolanta Gizela;50;Wroc칀축aw;;KWW Bezpartyjny ruch obywatelski Jerzego Michalaka;3
4;5;PI츿춗TEK Iwona Agata;38;Wroc칀축aw;;KWW Bezpartyjny ruch obywatelski Jerzego Michalaka;3
5;6;HAMERLIK Marek Lech;34;Wroc칀축aw;;KWW Bezpartyjny ruch obywatelski Jerzego Michalaka;3
6;7;RYCHLEWSKI Konrad Krzysztof;37;Wroc칀축aw;;KWW Bezpartyjny ruch obywatelski Jerzego Michalaka;3
0;1;KUBIT Agnieszka;37;Wroc칀축aw;;KWW Bezpartyjny ruch obywatelski Jerzego Michalaka;4
1;2;SYS칀추O Tomasz Jakub;45;Wroc칀축aw;;KWW Bezpartyjny ruch obywatelski Jerzego Michalaka;4
2;3;NEHRING Agnieszka;40;Wroc칀축aw;;KWW Bezpartyjny ruch obywatelski Jerzego Michalaka;4
3;4;WERSOCKA Magdalena Joanna;47;Wroc칀축aw;;KWW Bezpartyjny ruch obywatelski Jerzego Michalaka;4
4;5;CEDRO Mateusz Jacek;23;Wroc칀축aw;;KWW Bezpartyjny ruch obywatelski Jerzego Michalaka;4
5;6;CYMBOR Pawe칀축 Janusz;33;Wroc칀축aw;;KWW Bezpartyjny ruch obywatelski Jerzego Michalaka;4
6;7;BOBOWIEC Wiktoria Jadwiga;18;Wroc칀축aw;;KWW Bezpartyjny ruch obywatelski Jerzego Michalaka;4
0;1;OWCZAREK Tomasz;31;Wroc칀축aw;;KWW Bezpartyjny ruch obywatelski Jerzego Michalaka;5
1;2;TARAS Aleksandra;31;Wroc칀축aw;;KWW Bezpartyjny ruch obywatelski Jerzego Michalaka;5
2;3;KOWALSKI Rafa칀축 Pawe칀축;31;Wroc칀축aw;;KWW Bezpartyjny ruch obywatelski Jerzego Michalaka;5
3;4;KARPOWICZ Daniel Jonatan;22;Wroc칀축aw;;KWW Bezpartyjny ruch obywatelski Jerzego Michalaka;5
4;5;SOK츾춥칀추 Anna Urszula;48;Wroc칀축aw;;KWW Bezpartyjny ruch obywatelski Jerzego Michalaka;5
5;6;TRZECIAK-CYMBOR Ewa Barbara;33;Wroc칀축aw;;KWW Bezpartyjny ruch obywatelski Jerzego Michalaka;5
6;7;RINK Krzysztof Jerzy;41;Wroc칀축aw;;KWW Bezpartyjny ruch obywatelski Jerzego Michalaka;5
0;1;CZERWI칀춖SKI S칀축awomir Antoni;32;Wroc칀축aw;;KWW Bezpartyjny ruch obywatelski Jerzego Michalaka;6
1;2;PACYNA Katarzyna Monika;41;Wroc칀축aw;;KWW Bezpartyjny ruch obywatelski Jerzego Michalaka;6
2;3;GARSTKA Micha칀축 Pawe칀축;45;Wroc칀축aw;;KWW Bezpartyjny ruch obywatelski Jerzego Michalaka;6
3;4;KRZAK El칀췊bieta Jadwiga;62;Wroc칀축aw;;KWW Bezpartyjny ruch obywatelski Jerzego Michalaka;6
4;5;BISKUP Wojciech Bogdan;38;Wroc칀축aw;;KWW Bezpartyjny ruch obywatelski Jerzego Michalaka;6
5;6;OR칀추O칀춬 Magdalena Agnieszka;34;Wroc칀축aw;;KWW Bezpartyjny ruch obywatelski Jerzego Michalaka;6
6;7;SKURCZY칀춖SKA Gra칀췊yna Miros칀축awa;53;Wroc칀축aw;;KWW Bezpartyjny ruch obywatelski Jerzego Michalaka;6
7;8;MICHALAK Andrzej J츾췁zef;77;Wroc칀축aw;;KWW Bezpartyjny ruch obywatelski Jerzego Michalaka;6
0;1;OB칀추츿춗K Aleksander Marek;24;Wroc칀축aw;;KWW Bezpartyjny ruch obywatelski Jerzego Michalaka;7
1;2;ZANKOWSKI Przemys칀축aw Kamil;46;Wroc칀축aw;;KWW Bezpartyjny ruch obywatelski Jerzego Michalaka;7
2;3;LORENZ Daria Apolonia;32;Wroc칀축aw;;KWW Bezpartyjny ruch obywatelski Jerzego Michalaka;7
3;4;KOZ칀추OWSKI Henryk;73;Wroc칀축aw;;KWW Bezpartyjny ruch obywatelski Jerzego Michalaka;7
4;5;OLCZAK Jagoda Paulina;24;Wroc칀축aw;;KWW Bezpartyjny ruch obywatelski Jerzego Michalaka;7
5;6;SMOLARCZYK Izabela Katarzyna;30;Wroc칀축aw;;KWW Bezpartyjny ruch obywatelski Jerzego Michalaka;7
6;7;SKAWSKI Rados칀축aw Andrzej;29;Wroc칀축aw;;KWW Bezpartyjny ruch obywatelski Jerzego Michalaka;7
0;1;MATOLICZ Krzysztof Klemens;36;Wroc칀축aw;;KW Bezpartyjny Wroc쓰w;1
1;2;KU칀춬 Anna Ma칀축gorzata;39;Wroc칀축aw;;KW Bezpartyjny Wroc쓰w;1
2;3;JUNGIEWICZ Bartosz Leszek;34;Wroc칀축aw;;KW Bezpartyjny Wroc쓰w;1
3;4;BANOT El칀췊bieta Iwona;53;Wroc칀축aw;;KW Bezpartyjny Wroc쓰w;1
4;5;ANDREJEWICZ W칀축adys칀축aw;63;Wroc칀축aw;;KW Bezpartyjny Wroc쓰w;1
5;6;PANCEWICZ Teresa Maria;61;Wroc칀축aw;;KW Bezpartyjny Wroc쓰w;1
6;7;NOCULA-RYDZ Patrycja Anna;31;Wroc칀축aw;;KW Bezpartyjny Wroc쓰w;1
7;8;LUPOM츿춬SK츾춯 Jan Rafael;33;Wroc칀축aw;;KW Bezpartyjny Wroc쓰w;1
0;1;PRZYWARA Karol;31;Wroc칀축aw;;KW Bezpartyjny Wroc쓰w;2
1;2;JANUSIK Magdalena Katarzyna;39;Wroc칀축aw;;KW Bezpartyjny Wroc쓰w;2
2;3;KOZ칀추OWSKI Tomasz Grzegorz;42;Wroc칀축aw;;KW Bezpartyjny Wroc쓰w;2
3;4;MURASZKOWSKA Marta Ma칀축gorzata;35;Wroc칀축aw;;KW Bezpartyjny Wroc쓰w;2
4;5;DRELICH Kamila Teresa;34;Wroc칀축aw;;KW Bezpartyjny Wroc쓰w;2
5;6;KIERAKOWICZ Pawe칀축;19;Wroc칀축aw;;KW Bezpartyjny Wroc쓰w;2
6;7;KLAKO츿춟AR Marzena Krystyna;58;Wroc칀축aw;;KW Bezpartyjny Wroc쓰w;2
0;1;BIELA칀춖SKI Krzysztof Andrzej;30;Wroc칀축aw;;KW Bezpartyjny Wroc쓰w;3
1;2;ROSI칀춖CZUK Joanna Stanis칀축awa;47;Wroc칀축aw;;KW Bezpartyjny Wroc쓰w;3
2;3;TURALSKI Tomasz Krzysztof;24;Wroc칀축aw;;KW Bezpartyjny Wroc쓰w;3
3;4;KOCIK Katarzyna;36;Wroc칀축aw;;KW Bezpartyjny Wroc쓰w;3
4;5;PRAWDZIK Martyna Michalina;29;Wroc칀축aw;;KW Bezpartyjny Wroc쓰w;3
5;6;AKSAK Micha칀축 Andrzej;31;Wroc칀축aw;;KW Bezpartyjny Wroc쓰w;3
6;7;PRZYBYSZEWSKI Adam Romuald;57;Wroc칀축aw;;KW Bezpartyjny Wroc쓰w;3
0;1;OBARA-KOWALSKA Katarzyna Anna;40;Wroc칀축aw;;KW Bezpartyjny Wroc쓰w;4
1;2;BOCHEN Pawe칀축;36;Wroc칀축aw;;KW Bezpartyjny Wroc쓰w;4
2;3;NI칀췇NIK Ewelina Anna;39;Wroc칀축aw;;KW Bezpartyjny Wroc쓰w;4
3;4;CIECHANOWSKI-MIREK Patryk;33;Wroc칀축aw;;KW Bezpartyjny Wroc쓰w;4
4;5;HA칀추ACZKIEWICZ Katarzyna Iwona;33;Wroc칀축aw;;KW Bezpartyjny Wroc쓰w;4
5;6;GRANOWICZ Marek Wojciech;23;Wroc칀축aw;;KW Bezpartyjny Wroc쓰w;4
6;7;BURNECKA Ma칀축gorzata Dominika;37;Wroc칀축aw;;KW Bezpartyjny Wroc쓰w;4
0;1;M츿춗CARZ Dariusz;30;Wroc칀축aw;;KW Bezpartyjny Wroc쓰w;5
1;2;TYBOR Karolina;40;Wroc칀축aw;;KW Bezpartyjny Wroc쓰w;5
2;3;MATURA Bart칀축omiej Grzegorz;26;Wroc칀축aw;;KW Bezpartyjny Wroc쓰w;5
3;4;CHMURA Emilia;39;Wroc칀축aw;;KW Bezpartyjny Wroc쓰w;5
4;5;WALASZCZYK 칀추ukasz;35;Wroc칀축aw;;KW Bezpartyjny Wroc쓰w;5
5;6;MARAS Eleonora;62;Wroc칀축aw;;KW Bezpartyjny Wroc쓰w;5
6;7;HAMKA칀추O Jacek;36;Wroc칀축aw;;KW Bezpartyjny Wroc쓰w;5
0;1;HA칀추ACZKIEWICZ Patryk Damian;34;Wroc칀축aw;;KW Bezpartyjny Wroc쓰w;6
1;2;PARTYKA Wojciech Andrzej;35;Wroc칀축aw;;KW Bezpartyjny Wroc쓰w;6
2;3;SZRAJBER Jakub;26;Wroc칀축aw;;KW Bezpartyjny Wroc쓰w;6
3;4;DZIOBA Dorota Helena;44;Wroc칀축aw;;KW Bezpartyjny Wroc쓰w;6
4;5;MARCIN츾춥W Teresa Anna;40;Wroc칀축aw;;KW Bezpartyjny Wroc쓰w;6
5;6;TEKLI칀춖SKI Micha칀축 Pawe칀축;36;Wroc칀축aw;;KW Bezpartyjny Wroc쓰w;6
6;7;WYSZOMIRSKA-PI츾춥RO Bo칀췊ena;40;Wroc칀축aw;;KW Bezpartyjny Wroc쓰w;6
7;8;SERAFIN Karolina Ewa;37;Wroc칀축aw;;KW Bezpartyjny Wroc쓰w;6
0;1;MA칀춬LANKA Grzegorz Sebastian;37;Wroc칀축aw;;KW Bezpartyjny Wroc쓰w;7
1;2;FIGASZEWSKA Katarzyna Agnieszka;36;Wroc칀축aw;;KW Bezpartyjny Wroc쓰w;7
2;3;W칀추ODARSKI Rafa칀축 Grzegorz;28;Wroc칀축aw;;KW Bezpartyjny Wroc쓰w;7
3;4;ZIARKOWSKI 칀추ukasz Grzegorz;28;Wroc칀축aw;;KW Bezpartyjny Wroc쓰w;7
4;5;KLIMKOWSKA Katarzyna Helena;28;Wroc칀축aw;;KW Bezpartyjny Wroc쓰w;7
5;6;W츾춥JTA-KEMPA Monika Sylwia;44;Wroc칀축aw;;KW Bezpartyjny Wroc쓰w;7
6;7;ORZECHOWSKI Jacek Pawe칀축;51;Wroc칀축aw;;KW Bezpartyjny Wroc쓰w;7
0;1;BIENIAS Anna Agnieszka;26;Wroc칀축aw;;KW Jeste랈y St젻;1
1;2;KONDRACKA Karolina Marta;18;Wroc칀축aw;;KW Jeste랈y St젻;1
2;3;MERTA Ma칀축gorzata Lidia;43;Wroc칀축aw;;KW Jeste랈y St젻;1
3;4;SOMPOLI칀춖SKI Andrzej Sebastian;44;Wroc칀축aw;;KW Jeste랈y St젻;1
4;5;SOMPOLI칀춖SKA Marta El칀췊bieta;39;Wroc칀축aw;;KW Jeste랈y St젻;1
5;6;LASKOWSKI Micha칀축 Mieszko;18;Wroc칀축aw;;KW Jeste랈y St젻;1
6;7;KLAKO츿춟AR Agata Ludwika;30;Wroc칀축aw;;KW Jeste랈y St젻;1
7;8;JACHIMOWICZ Adam Stanis칀축aw;34;Wroc칀축aw;;KW Jeste랈y St젻;1
0;1;GIBASIEWICZ Joanna Agata;18;Wroc칀축aw;;KW Jeste랈y St젻;2
1;2;NAWARA Marek Micha칀축;24;Wroc칀축aw;;KW Jeste랈y St젻;2
2;3;EL칀췉BIECIAK Wojciech Bartosz;19;Wroc칀축aw;;KW Jeste랈y St젻;2
3;4;BOCZEK Leszek Henryk;33;Wroc칀축aw;;KW Jeste랈y St젻;2
4;5;KRAJEWSKA Katarzyna Iwona;41;Wroc칀축aw;;KW Jeste랈y St젻;2
0;1;SAWICKI Micha칀축;44;Wroc칀축aw;;KW Jeste랈y St젻;3
1;2;WILK Andrzej Zbigniew;43;Wroc칀축aw;;KW Jeste랈y St젻;3
2;3;CA칀추US Katarzyna Izabela;20;Wroc칀축aw;;KW Jeste랈y St젻;3
3;4;DZIEWULSKI Pawe칀축 Marek;43;Wroc칀축aw;;KW Jeste랈y St젻;3
4;5;KACZMAREK Marlena Ma칀축gorzata;37;Wroc칀축aw;;KW Jeste랈y St젻;3
0;1;PACHOLSKA Agata Jadwiga;45;Wroc칀축aw;;KW Jeste랈y St젻;4
1;2;SOKOLIK Mateusz Kamil;21;Wroc칀축aw;;KW Jeste랈y St젻;4
2;3;OLEARCZUK Maciej Rados칀축aw;18;Wroc칀축aw;;KW Jeste랈y St젻;4
3;4;PIETRUSZCZAK-GRZESIEK Anna Maria;48;Wroc칀축aw;;KW Jeste랈y St젻;4
4;5;CINGLEWICZ Aneta Bo칀췊ena;38;Wroc칀축aw;;KW Jeste랈y St젻;4
5;6;GODNIEWICZ Adrian Damian;18;Wroc칀축aw;;KW Jeste랈y St젻;4
0;1;G츾춥RAK Iwona Agnieszka;33;Wroc칀축aw;;KW Jeste랈y St젻;6
1;2;LUBECKI Ryszard Jan;60;Wroc칀축aw;;KW Jeste랈y St젻;6
2;3;J츿춪DRZEJCZAK Anna;41;Wroc칀축aw;;KW Jeste랈y St젻;6
3;4;PA칀추AC Krzysztof;56;Wroc칀축aw;;KW Jeste랈y St젻;6
4;5;칀췉ECHA칀추KO Marcin Antoni;22;Wroc칀축aw;;KW Jeste랈y St젻;6
5;6;LISZKA Stanis칀축awa;85;Wroc칀축aw;;KW Jeste랈y St젻;6
0;1;DROGOSZ Bart칀축omiej;55;Wroc칀축aw;;KWW Jarka Bogus쓰wskiego;1
1;2;SZURMAK Anna;51;Wroc칀축aw;;KWW Jarka Bogus쓰wskiego;1
2;3;CHODOR Piotr Tadeusz;54;Wroc칀축aw;;KWW Jarka Bogus쓰wskiego;1
3;4;PADEREWSKI Stanis칀축aw Jan;63;Wroc칀축aw;;KWW Jarka Bogus쓰wskiego;1
4;5;KWAPISZ Renata Lucyna;54;Wroc칀축aw;;KWW Jarka Bogus쓰wskiego;1
5;6;PIECHOTA Janusz Andrzej;60;Wroc칀축aw;;KWW Jarka Bogus쓰wskiego;1
6;7;ORZECHOWSKA Krystyna;59;Wroc칀축aw;;KWW Jarka Bogus쓰wskiego;1
7;8;DROGOSZ Edyta Agnieszka;50;Wroc칀축aw;;KWW Jarka Bogus쓰wskiego;1
0;1;칀추AB츿춪DZKA Ma칀축gorzata Maria;54;Wroc칀축aw;;KWW Jarka Bogus쓰wskiego;2
1;2;STYRCZULA Szymon Kazimierz;26;Wroc칀축aw;;KWW Jarka Bogus쓰wskiego;2
2;3;ST츿춪PI칀춖SKI Dariusz Dominik;48;Wroc칀축aw;;KWW Jarka Bogus쓰wskiego;2
3;4;CZECH Marta Anna;33;Wroc칀축aw;;KWW Jarka Bogus쓰wskiego;2
4;5;OCHMANN Mariola;42;Wroc칀축aw;;KWW Jarka Bogus쓰wskiego;2
5;6;PA칀추AC Ewa Urszula;56;Wroc칀축aw;;KWW Jarka Bogus쓰wskiego;2
6;7;WARZECHA Dominik Patryk;27;Wroc칀축aw;;KWW Jarka Bogus쓰wskiego;2
0;1;WALCZYK Katarzyna Natalia;35;Wroc칀축aw;;KWW Jarka Bogus쓰wskiego;3
1;2;칀췉칀추OBI칀춖SKI Jerzy;72;Wroc칀축aw;;KWW Jarka Bogus쓰wskiego;3
2;3;SOCHA칀춖SKA Anna Weronika;26;Wroc칀축aw;;KWW Jarka Bogus쓰wskiego;3
3;4;TOPOREK Ma칀축gorzata Ewa;52;Wroc칀축aw;;KWW Jarka Bogus쓰wskiego;3
4;5;NYSLER Zbigniew Wojciech;68;Wroc칀축aw;;KWW Jarka Bogus쓰wskiego;3
5;6;SZCZEPU칀추A Anna Ewa;40;Wroc칀축aw;;KWW Jarka Bogus쓰wskiego;3
6;7;BRANDT Mateusz;29;Wroc칀축aw;;KWW Jarka Bogus쓰wskiego;3
0;1;LISZKA Regina Maria;57;Wroc칀축aw;;KWW Jarka Bogus쓰wskiego;4
1;2;KRAWCZYK Miros칀축aw Piotr;49;Wroc칀축aw;;KWW Jarka Bogus쓰wskiego;4
2;3;KURIATA Joanna Teresa;50;Wroc칀축aw;;KWW Jarka Bogus쓰wskiego;4
3;4;KRUCI칀춖SKI Adam Jakub;29;Wroc칀축aw;;KWW Jarka Bogus쓰wskiego;4
4;5;LESZCZY칀춖SKA Klaudia Ma칀축gorzata;26;Wroc칀축aw;;KWW Jarka Bogus쓰wskiego;4
5;6;ZYBA칀추A Iwona Ma칀축gorzata;40;Wroc칀축aw;;KWW Jarka Bogus쓰wskiego;4
6;7;SIECZKA Kuba Tomasz;18;Wroc칀축aw;;KWW Jarka Bogus쓰wskiego;4
0;1;KOSTRZEWA Ewa Magdalena;51;Wroc칀축aw;;KWW Jarka Bogus쓰wskiego;5
1;2;FIEDOROWICZ Ewa Teresa;62;Wroc칀축aw;;KWW Jarka Bogus쓰wskiego;5
2;3;SZEWCZUK Aleks Artur;19;Wroc칀축aw;;KWW Jarka Bogus쓰wskiego;5
3;4;GALA Zbigniew Marian;64;Wroc칀축aw;;KWW Jarka Bogus쓰wskiego;5
4;5;PA칀췇DZIOR Magdalena;43;Wroc칀축aw;;KWW Jarka Bogus쓰wskiego;5
5;6;NI칀췉A칀추OWSKA Zuzanna;62;Wroc칀축aw;;KWW Jarka Bogus쓰wskiego;5
6;7;ADAMCZYK Sylwester;42;Wroc칀축aw;;KWW Jarka Bogus쓰wskiego;5
0;1;BARA칀춖SKI Zbigniew Jan;68;Wroc칀축aw;;KWW Jarka Bogus쓰wskiego;6
1;2;WOJTU칀춬 El칀췊bieta Anna;35;Wroc칀축aw;;KWW Jarka Bogus쓰wskiego;6
2;3;CHARUCKI Henryk Stanis칀축aw;62;Wroc칀축aw;;KWW Jarka Bogus쓰wskiego;6
3;4;M츿춗CZY칀춖SKA-BOBEK Maria Anna;71;Wroc칀축aw;;KWW Jarka Bogus쓰wskiego;6
4;5;SZIR Sylwia Maria;29;Wroc칀축aw;;KWW Jarka Bogus쓰wskiego;6
0;1;TARNAWSKI Krzysztof Roland;38;Wroc칀축aw;;KWW Jarka Bogus쓰wskiego;7
1;2;OLSZEWSKI Wojciech Zbigniew;45;Wroc칀축aw;;KWW Jarka Bogus쓰wskiego;7
2;3;KRAJEWSKA Magdalena Eliza;42;Wroc칀축aw;;KWW Jarka Bogus쓰wskiego;7
3;4;JUSZCZAK Janina Aniela;65;Wroc칀축aw;;KWW Jarka Bogus쓰wskiego;7
4;5;JASIUKIEWICZ Ewa;57;Wroc칀축aw;;KWW Jarka Bogus쓰wskiego;7
5;6;OLENDEREK Jerzy Krzysztof;64;Wroc칀축aw;;KWW Jarka Bogus쓰wskiego;7
6;7;SZYMANEK Wojciech;53;Wroc칀축aw;;KWW Jarka Bogus쓰wskiego;7
0;1;CHWA칀춬CIK Arkadiusz;43;Wroc칀축aw;;KW Wolni i Solidarni;1
1;2;BUKA칀추A Urszula Ewa;67;Wroc칀축aw;;KW Wolni i Solidarni;1
2;3;KULA Henryk;57;Wroc칀축aw;;KW Wolni i Solidarni;1
3;4;SZYCHOWIAK Justyna Agnieszka;36;Wroc칀축aw;;KW Wolni i Solidarni;1
4;5;BO칀췉YCKA Irena;65;Wroc칀축aw;;KW Wolni i Solidarni;1
0;1;POR츿춪BSKA Ma칀축gorzata;56;Wroc칀축aw;;KW Wolni i Solidarni;2
1;2;WIDERA Damian Oktawiusz;40;Wroc칀축aw;;KW Wolni i Solidarni;2
2;3;WI칀춬NIEWSKI Pawe칀축 Tomasz;49;Wroc칀축aw;;KW Wolni i Solidarni;2
3;4;CYRNEK Krzysztof;43;Wroc칀축aw;;KW Wolni i Solidarni;2
4;5;KUCZY칀춖SKA-KULA El칀췊bieta Wies칀축awa;54;Wroc칀축aw;;KW Wolni i Solidarni;2
0;1;MA칀추EK Tomasz;52;Wroc칀축aw;;KW Wolni i Solidarni;3
1;2;WOSINEK Tadeusz Antoni;71;Wroc칀축aw;;KW Wolni i Solidarni;3
2;3;BOERNER Ewa Bogumi칀축a;62;Wroc칀축aw;;KW Wolni i Solidarni;3
3;4;WIDERA Norbert Konrad;46;Wroc칀축aw;;KW Wolni i Solidarni;3
4;5;JA칀춬KIEWICZ Martyna Alicja;33;Wroc칀축aw;;KW Wolni i Solidarni;3
0;1;RZ츿춗DKOWSKI Marek Rajmund;58;Wroc칀축aw;;KW Wolni i Solidarni;4
1;2;TERKIEWICZ Marta Maria;27;Wroc칀축aw;;KW Wolni i Solidarni;4
2;3;ILNICKA Jadwiga Stanis칀축awa;59;Wroc칀축aw;;KW Wolni i Solidarni;4
3;4;BARA칀춖SKI Tomasz;36;Wroc칀축aw;;KW Wolni i Solidarni;4
4;5;SZIR Arkadiusz Janusz;39;Wroc칀축aw;;KW Wolni i Solidarni;4
0;1;MAJ Mieczys칀축aw Jan;29;Wroc칀축aw;;KW Wolni i Solidarni;5
1;2;TALAGA Sabina W칀축adys칀축awa;88;Wroc칀축aw;;KW Wolni i Solidarni;5
2;3;GOSTY칀춖SKI Aleksander Bogusz;39;Wroc칀축aw;;KW Wolni i Solidarni;5
3;4;MA칀추EK Agnieszka Katarzyna;52;Wroc칀축aw;;KW Wolni i Solidarni;5
4;5;칀췉AKOWSKA Maria;64;Wroc칀축aw;;KW Wolni i Solidarni;5
0;1;HANCZAREK Tomasz;49;Wroc칀축aw;;KW Wolni i Solidarni;6
1;2;JOKS Marlena Ewa;48;Wroc칀축aw;;KW Wolni i Solidarni;6
2;3;WANAT Urszula Maria;70;Wroc칀축aw;;KW Wolni i Solidarni;6
3;4;CH칀추ADZI칀춖SKI Maciej Andrzej;41;Wroc칀축aw;;KW Wolni i Solidarni;6
4;5;SMOLI칀춖SKI Bartosz;40;Wroc칀축aw;;KW Wolni i Solidarni;6
5;6;KOCUR 칀추ukasz Boles칀축aw;34;Wroc칀축aw;;KW Wolni i Solidarni;6
6;7;GLI칀춖SKA Ewa Wanda;61;Wroc칀축aw;;KW Wolni i Solidarni;6
7;8;WYDROWSKI Krzysztof Marcin;29;Wroc칀축aw;;KW Wolni i Solidarni;6
0;1;MARCZAK Agnieszka Wies칀축awa;55;Wroc칀축aw;;KW Wolni i Solidarni;7
1;2;ZAMBRZYCKA Izabella Beata;64;Wroc칀축aw;;KW Wolni i Solidarni;7
2;3;SZCZERBA Tadeusz Jerzy;67;Wroc칀축aw;;KW Wolni i Solidarni;7
3;4;GODOWSKI Przemys칀축aw Jan;65;Wroc칀축aw;;KW Wolni i Solidarni;7
4;5;칀추OBODA Halina;66;Wroc칀축aw;;KW Wolni i Solidarni;7
0;1;K칀추OSOWSKI Dominik;41;Wroc칀축aw;;KWW Rafa쓰 Dutkiewicza - Sojusz dla Wroc쓰wia;1
1;2;SKOCZYLAS Jerzy W칀축adys칀축aw;70;Wroc칀축aw;;KWW Rafa쓰 Dutkiewicza - Sojusz dla Wroc쓰wia;1
2;3;NOWAK Magdalena Agata;41;Wroc칀축aw;;KWW Rafa쓰 Dutkiewicza - Sojusz dla Wroc쓰wia;1
3;4;DALESZY칀춖SKA Anna Krystyna;43;Wroc칀축aw;;KWW Rafa쓰 Dutkiewicza - Sojusz dla Wroc쓰wia;1
4;5;KRASI칀춖SKA Agna Magdalena;49;Wroc칀축aw;;KWW Rafa쓰 Dutkiewicza - Sojusz dla Wroc쓰wia;1
5;6;W츾춥JCIK Ma칀축gorzata;30;Wroc칀축aw;;KWW Rafa쓰 Dutkiewicza - Sojusz dla Wroc쓰wia;1
6;7;W칀추ODARCZYK Iwona El칀췊bieta;61;Wroc칀축aw;;KWW Rafa쓰 Dutkiewicza - Sojusz dla Wroc쓰wia;1
7;8;CHMIELEWSKI Jan Roman;66;Wroc칀축aw;;KWW Rafa쓰 Dutkiewicza - Sojusz dla Wroc쓰wia;1
0;1;ANISZCZYK Bohdan J츾췁zef;66;Wroc칀축aw;;KWW Rafa쓰 Dutkiewicza - Sojusz dla Wroc쓰wia;2
1;2;SUSMANEK Leon Daniel;64;Wroc칀축aw;;KWW Rafa쓰 Dutkiewicza - Sojusz dla Wroc쓰wia;2
2;3;ZIEMBICKA-HAS Wanda Wies칀축awa;71;Wroc칀축aw;;KWW Rafa쓰 Dutkiewicza - Sojusz dla Wroc쓰wia;2
3;4;칀춬NIE칀췉EK Beata El칀췊bieta;47;Wroc칀축aw;;KWW Rafa쓰 Dutkiewicza - Sojusz dla Wroc쓰wia;2
4;5;WITKOWSKA Anna Kazimiera;70;Wroc칀축aw;;KWW Rafa쓰 Dutkiewicza - Sojusz dla Wroc쓰wia;2
5;6;BAMWENDA Bo칀췊ena;59;Wroc칀축aw;;KWW Rafa쓰 Dutkiewicza - Sojusz dla Wroc쓰wia;2
6;7;WAGNER Robert Alfred;42;Wroc칀축aw;;KWW Rafa쓰 Dutkiewicza - Sojusz dla Wroc쓰wia;2
0;1;KRAUZE Jaros칀축aw Piotr;60;Wroc칀축aw;;KWW Rafa쓰 Dutkiewicza - Sojusz dla Wroc쓰wia;3
1;2;ROSI칀춖SKA Bronis칀축awa;60;Wroc칀축aw;;KWW Rafa쓰 Dutkiewicza - Sojusz dla Wroc쓰wia;3
2;3;PIONTEK Jan Feliks;54;Wroc칀축aw;;KWW Rafa쓰 Dutkiewicza - Sojusz dla Wroc쓰wia;3
3;4;SZURANT Sylwia Anna;47;Wroc칀축aw;;KWW Rafa쓰 Dutkiewicza - Sojusz dla Wroc쓰wia;3
4;5;ROGALA Stanis칀축aw;79;Wroc칀축aw;;KWW Rafa쓰 Dutkiewicza - Sojusz dla Wroc쓰wia;3
5;6;PISKORSKA Agnieszka Joanna;46;Wroc칀축aw;;KWW Rafa쓰 Dutkiewicza - Sojusz dla Wroc쓰wia;3
6;7;MALITOWSKI 칀추ukasz W칀축adys칀축aw;25;Wroc칀축aw;;KWW Rafa쓰 Dutkiewicza - Sojusz dla Wroc쓰wia;3
0;1;CI츿춗칀췉Y칀춖SKI Bart칀축omiej Zygmunt;36;Wroc칀축aw;;KWW Rafa쓰 Dutkiewicza - Sojusz dla Wroc쓰wia;4
1;2;OSSOWSKI Jacek Antoni;71;Wroc칀축aw;;KWW Rafa쓰 Dutkiewicza - Sojusz dla Wroc쓰wia;4
2;3;SZOCI칀춖SKA-KLEIN Marzena;50;Wroc칀축aw;;KWW Rafa쓰 Dutkiewicza - Sojusz dla Wroc쓰wia;4
3;4;LEWANDOWSKA Alicja Mariola;58;Wroc칀축aw;;KWW Rafa쓰 Dutkiewicza - Sojusz dla Wroc쓰wia;4
4;5;BINKOWSKA Dobros칀축awa Olga;43;Wroc칀축aw;;KWW Rafa쓰 Dutkiewicza - Sojusz dla Wroc쓰wia;4
5;6;SZ칀추APKA Krzysztof Zbigniew;25;Wroc칀축aw;;KWW Rafa쓰 Dutkiewicza - Sojusz dla Wroc쓰wia;4
6;7;SZCZERBA Krzysztof Pawe칀축;27;Wroc칀축aw;;KWW Rafa쓰 Dutkiewicza - Sojusz dla Wroc쓰wia;4
0;1;CYRUL Czes칀축aw;67;Wroc칀축aw;;KWW Rafa쓰 Dutkiewicza - Sojusz dla Wroc쓰wia;5
1;2;ZAWADA Ma칀축gorzata Ewa;40;Wroc칀축aw;;KWW Rafa쓰 Dutkiewicza - Sojusz dla Wroc쓰wia;5
2;3;FURDYNA Jolanta Stanis칀축awa;59;Wroc칀축aw;;KWW Rafa쓰 Dutkiewicza - Sojusz dla Wroc쓰wia;5
3;4;SZOPA W칀축adys칀축aw;62;Wroc칀축aw;;KWW Rafa쓰 Dutkiewicza - Sojusz dla Wroc쓰wia;5
4;5;BRYX Kaja Maria;35;Wroc칀축aw;;KWW Rafa쓰 Dutkiewicza - Sojusz dla Wroc쓰wia;5
5;6;WITKOWSKA Renata Monika;45;Wroc칀축aw;;KWW Rafa쓰 Dutkiewicza - Sojusz dla Wroc쓰wia;5
6;7;OWCZAREK Jacek Tomasz;50;Wroc칀축aw;;KWW Rafa쓰 Dutkiewicza - Sojusz dla Wroc쓰wia;5
0;1;LEMPART Marta Miros칀축awa;39;Wroc칀축aw;;KWW Rafa쓰 Dutkiewicza - Sojusz dla Wroc쓰wia;6
1;2;BRZOZOWSKI Artur Kazimierz;40;Wroc칀축aw;;KWW Rafa쓰 Dutkiewicza - Sojusz dla Wroc쓰wia;6
2;3;KU칀추AGA Lidia;64;Wroc칀축aw;;KWW Rafa쓰 Dutkiewicza - Sojusz dla Wroc쓰wia;6
3;4;STERE칀춖CZAK Tomasz Micha칀축;39;Wroc칀축aw;;KWW Rafa쓰 Dutkiewicza - Sojusz dla Wroc쓰wia;6
4;5;KRESKA Agata Maria;36;Wroc칀축aw;;KWW Rafa쓰 Dutkiewicza - Sojusz dla Wroc쓰wia;6
5;6;KU칀추AGA Wies칀축aw Leszek;71;Wroc칀축aw;;KWW Rafa쓰 Dutkiewicza - Sojusz dla Wroc쓰wia;6
6;7;HO칀추Y칀춖SKA Justyna Alicja;37;Wroc칀축aw;;KWW Rafa쓰 Dutkiewicza - Sojusz dla Wroc쓰wia;6
7;8;WOJCIECHOWSKI Robert Ryszard;44;Wroc칀축aw;;KWW Rafa쓰 Dutkiewicza - Sojusz dla Wroc쓰wia;6
0;1;K츿춪DZIERSKA Agnieszka Kornelia;42;Wroc칀축aw;;KWW Rafa쓰 Dutkiewicza - Sojusz dla Wroc쓰wia;7
1;2;RA칀춖DA Pawe칀축 Rafa칀축;39;Wroc칀축aw;;KWW Rafa쓰 Dutkiewicza - Sojusz dla Wroc쓰wia;7
2;3;ZAR츿춪BA Kasper Jerzy;29;Wroc칀축aw;;KWW Rafa쓰 Dutkiewicza - Sojusz dla Wroc쓰wia;7
3;4;MICKIEWICZ Marzena Ewa;56;Wroc칀축aw;;KWW Rafa쓰 Dutkiewicza - Sojusz dla Wroc쓰wia;7
4;5;SZ칀추APKA Hanna Maria;64;Wroc칀축aw;;KWW Rafa쓰 Dutkiewicza - Sojusz dla Wroc쓰wia;7
5;6;NOWAKOWSKI Marcin Adam;35;Wroc칀축aw;;KWW Rafa쓰 Dutkiewicza - Sojusz dla Wroc쓰wia;7
6;7;NIKOLCZUK Maciej Bart칀축omiej;35;Wroc칀축aw;;KWW Rafa쓰 Dutkiewicza - Sojusz dla Wroc쓰wia;7
0;1;BROWARNY Wojciech Jan;48;Wroc칀축aw;;KWW Wroc쓰w dla Wszytkich;1
1;2;BIELECKA-GO칀추KA Halina;54;Wroc칀축aw;;KWW Wroc쓰w dla Wszytkich;1
2;3;SZNAJDER Micha칀축;37;Wroc칀축aw;;KWW Wroc쓰w dla Wszytkich;1
3;4;BORATYN Katarzyna El칀췊bieta;44;Wroc칀축aw;;KWW Wroc쓰w dla Wszytkich;1
4;5;ST츿춪PIE칀춖 Artur;40;Wroc칀축aw;;KWW Wroc쓰w dla Wszytkich;1
5;6;SZUMIELEWICZ Marta;38;Wroc칀축aw;;KWW Wroc쓰w dla Wszytkich;1
6;7;NIEMIEC Jan Mateusz;33;Wroc칀축aw;;KWW Wroc쓰w dla Wszytkich;1
7;8;TU칀추A Magdalena;34;Wroc칀축aw;;KWW Wroc쓰w dla Wszytkich;1
0;1;SZEPTYCKA Alina Barbara;38;Wroc칀축aw;;KWW Wroc쓰w dla Wszytkich;2
1;2;POKRZYWA Maciej;35;Wroc칀축aw;;KWW Wroc쓰w dla Wszytkich;2
2;3;ROZWADOWSKA Magdalena Patrycja;40;Wroc칀축aw;;KWW Wroc쓰w dla Wszytkich;2
3;4;CHA칀추UPNIAK Andrzej;28;Wroc칀축aw;;KWW Wroc쓰w dla Wszytkich;2
4;5;DANIELEWSKA-DRZAZGA Katarzyna Barbara;40;Wroc칀축aw;;KWW Wroc쓰w dla Wszytkich;2
5;6;SK츾춥RSKI Jaros칀축aw;51;Wroc칀축aw;;KWW Wroc쓰w dla Wszytkich;2
6;7;POWAGA Bo칀췊ena Urszula;54;Wroc칀축aw;;KWW Wroc쓰w dla Wszytkich;2
0;1;PANCEWICZ Natalia Zofia;30;Wroc칀축aw;;KWW Wroc쓰w dla Wszytkich;3
1;2;CZERWI칀춖SKI Marcin;46;Wroc칀축aw;;KWW Wroc쓰w dla Wszytkich;3
2;3;GAJDZI칀춖SKA Anna;21;Wroc칀축aw;;KWW Wroc쓰w dla Wszytkich;3
3;4;KARCZ Grzegorz;38;Wroc칀축aw;;KWW Wroc쓰w dla Wszytkich;3
4;5;KWA칀춬NICKA Natalia Claudia;25;Wroc칀축aw;;KWW Wroc쓰w dla Wszytkich;3
5;6;SZCZE칀춬NIAK Maciej Adam;31;Wroc칀축aw;;KWW Wroc쓰w dla Wszytkich;3
6;7;KOWALCZYK-DERL츿춪GA Anna Danuta;49;Wroc칀축aw;;KWW Wroc쓰w dla Wszytkich;3
0;1;STO칀췉EK Marta Magdalena;42;Wroc칀축aw;;KWW Wroc쓰w dla Wszytkich;4
1;2;OLSZEWSKI 칀추ukasz Jerzy;38;Wroc칀축aw;;KWW Wroc쓰w dla Wszytkich;4
2;3;K칀추ODNICKA Dorota Anna;27;Wroc칀축aw;;KWW Wroc쓰w dla Wszytkich;4
3;4;D츿춗BROWSKI Robert Miko칀축aj;20;Wroc칀축aw;;KWW Wroc쓰w dla Wszytkich;4
4;5;MOSINGIEWICZ Aleksander Tymoteusz;35;Wroc칀축aw;;KWW Wroc쓰w dla Wszytkich;4
5;6;KOLUS Emilia Cecylia;34;Wroc칀축aw;;KWW Wroc쓰w dla Wszytkich;4
0;1;WYWROT Agnieszka Karolina;27;Wroc칀축aw;;KWW Wroc쓰w dla Wszytkich;5
1;2;WARULIK Tomasz Piotr;47;Wroc칀축aw;;KWW Wroc쓰w dla Wszytkich;5
2;3;SUDO칀추 Daria Anna;35;Wroc칀축aw;;KWW Wroc쓰w dla Wszytkich;5
3;4;ZI츿춪BA Pawe칀축 Dariusz;51;Wroc칀축aw;;KWW Wroc쓰w dla Wszytkich;5
4;5;SK츾춥RSKA Dorota El칀췊bieta;51;Wroc칀축aw;;KWW Wroc쓰w dla Wszytkich;5
5;6;칀추AZARCZUK Krzysztof;56;Wroc칀축aw;;KWW Wroc쓰w dla Wszytkich;5
6;7;STANIOROWSKA Anna Maria;27;Wroc칀축aw;;KWW Wroc쓰w dla Wszytkich;5
0;1;ADAMCZYK Mateusz Tadeusz;28;Wroc칀축aw;;KWW Wroc쓰w dla Wszytkich;6
1;2;칀춬WI츿춗TEK Marta Izabela;25;Wroc칀축aw;;KWW Wroc쓰w dla Wszytkich;6
2;3;G츾춥RECKI Mateusz Ariel;29;Wroc칀축aw;;KWW Wroc쓰w dla Wszytkich;6
3;4;ORACZY칀춖SKA Ewa Ma칀축gorzata;38;Wroc칀축aw;;KWW Wroc쓰w dla Wszytkich;6
4;5;STEGLI칀춖SKI Adrian Marek;28;Wroc칀축aw;;KWW Wroc쓰w dla Wszytkich;6
5;6;ADAMCZYK Maria Zdzis칀축awa;65;Wroc칀축aw;;KWW Wroc쓰w dla Wszytkich;6
0;1;MINCER Tadeusz Albert;35;Wroc칀축aw;;KWW Wroc쓰w dla Wszytkich;7
1;2;LEBIEDZI칀춖SKA Joanna Maria;43;Wroc칀축aw;;KWW Wroc쓰w dla Wszytkich;7
2;3;STACHOWIAK Grzegorz;53;Wroc칀축aw;;KWW Wroc쓰w dla Wszytkich;7
3;4;GABRYK Marzena Anna;34;Wroc칀축aw;;KWW Wroc쓰w dla Wszytkich;7
4;5;FOLUSZ Jaros칀축aw;41;Wroc칀축aw;;KWW Wroc쓰w dla Wszytkich;7
5;6;칀추UKASIEWICZ Ewa Franciszka;34;Wroc칀축aw;;KWW Wroc쓰w dla Wszytkich;7
6;7;BE칀추KOWSKI Krzysztof Henryk;61;Wroc칀축aw;;KWW Wroc쓰w dla Wszytkich;7
